A1,B1,C1,D1,E1,F1,G1,H1,I1,J1,K1,L1,M1,N1,O1,P1,Q1,R1,S1,T1,U1,V1,W1,X1,Y1,Z1,AA1,AB1,AC1,AD1,AE1,AF1,AG1,AH1,AI1,AJ1,AK1,AL1,AM1,AN1,AO1,AP1,AQ1,AR1,AS1,AT1,AU1,AV1,AW1,AX1,AY1,AZ1,BA1,BB1,BC1,BD1,BE1,BF1,BG1,BH1,BI1,BJ1,BK1,BL1,BM1,BN1,BO1,BP1,BQ1,BR1,BS1,BT1,BU1,BV1,BW1,BX1,BY1,BZ1,CA1,CB1,CC1,CD1,CE1,CF1,CG1,CH1,CI1,CJ1,CK1,CL1,CM1,CN1,CO1,CP1,CQ1,CR1,CS1,CT1,CU1,CV1,CW1,CX1,CY1,CZ1,DA1,DB1,DC1,DD1,DE1,DF1,DG1,DH1,DI1,DJ1,DK1,DL1,DM1,DN1,DO1,DP1,DQ1,DR1,DS1,DT1,DU1,DV1,DW1,DX1,DY1,DZ1,EA1,EB1,EC1,ED1,EE1,EF1,EG1,EH1,EI1,EJ1,EK1,EL1,EM1,EN1,EO1,EP1,EQ1,ER1,ES1,ET1,EU1,EV1,EW1,EX1,EY1,EZ1,FA1,FB1,FC1,FD1,FE1,FF1,FG1,FH1,FI1,FJ1,FK1,FL1,FM1,FN1,FO1,FP1,FQ1,FR1,FS1,FT1,FU1,FV1,FW1,FX1,FY1,FZ1,GA1,GB1,GC1,GD1,GE1,GF1,GG1,GH1,GI1,GJ1,GK1,GL1,GM1,GN1,GO1,GP1,GQ1,GR1,GS1,GT1,GU1,GV1,GW1,GX1,GY1,GZ1,HA1,HB1,HC1,HD1,HE1,HF1,HG1,HH1,HI1,HJ1,HK1,HL1,HM1,HN1,HO1,HP1,HQ1,HR1,HS1,HT1,HU1,HV1,HW1,HX1,HY1,HZ1,IA1,IB1,IC1,ID1,IE1,IF1,IG1,IH1,II1,IJ1,IK1,IL1,IM1,IN1,IO1,IP1,IQ1,IR1,IS1,IT1,IU1,IV1,IW1,IX1,IY1,IZ1,JA1,JB1,JC1,JD1,JE1,JF1,JG1,JH1,JI1,JJ1,JK1,JL1,JM1,JN1,JO1,JP1,JQ1,JR1,JS1,JT1,JU1,JV1,JW1,JX1,JY1,JZ1,KA1,KB1,KC1,KD1,KE1,KF1,KG1,KH1,KI1,KJ1,KK1,KL1,KM1,KN1,KO1,KP1,KQ1,KR1,KS1,KT1,KU1,KV1,KW1,KX1,KY1,KZ1,LA1,LB1,LC1,LD1,LE1,LF1,LG1,LH1,LI1,LJ1,LK1,LL1,LM1,LN1,LO1,LP1,LQ1,LR1,LS1,LT1,LU1,LV1,LW1,LX1,LY1,LZ1,MA1,MB1,MC1,MD1,ME1,MF1,MG1,MH1,MI1,MJ1,MK1,ML1,MM1,MN1,MO1,MP1,MQ1,MR1,MS1,MT1,MU1,MV1,MW1,MX1,MY1,MZ1,NA1,NB1,NC1,ND1,NE1,NF1,NG1,NH1,NI1,NJ1,NK1,NL1,NM1,NN1,NO1,NP1,NQ1,NR1,NS1,NT1,NU1,NV1,NW1,NX1,NY1,NZ1,OA1,OB1,OC1,OD1,OE1,OF1,OG1,OH1,OI1,OJ1,OK1,OL1,OM1,ON1,OO1,OP1,OQ1,OR1,OS1,OT1,OU1,OV1,OW1,OX1,OY1,OZ1,PA1,PB1,PC1,PD1,PE1,PF1,PG1,PH1,PI1,PJ1,PK1,PL1,PM1,PN1,PO1,PP1,PQ1,PR1,PS1,PT1,PU1,PV1,PW1,PX1,PY1,PZ1,QA1,QB1,QC1,QD1,QE1,QF1,QG1,QH1,QI1,QJ1,QK1,QL1,QM1,QN1,QO1,QP1,QQ1,QR1,QS1,QT1,QU1,QV1,QW1,QX1,QY1,QZ1,RA1,RB1,RC1,RD1,RE1,RF1,RG1,RH1,RI1,RJ1,RK1,RL1,RM1,RN1,RO1,RP1,RQ1,RR1,RS1,RT1,RU1,RV1,RW1,RX1,RY1,RZ1,SA1,SB1,SC1,SD1,SE1,SF1,SG1,SH1,SI1,SJ1,SK1,SL1,SM1,SN1,SO1,SP1,SQ1,SR1,SS1,ST1,SU1,SV1,SW1,SX1,SY1,SZ1,TA1,TB1,TC1,TD1,TE1,TF1,TG1,TH1,TI1,TJ1,TK1,TL1,TM1,TN1,TO1,TP1,TQ1,TR1,TS1,TT1,TU1,TV1,TW1,TX1,TY1,TZ1,UA1,UB1,UC1,UD1,UE1,UF1,UG1,UH1,UI1,UJ1,UK1,UL1,UM1,UN1,UO1,UP1,UQ1,UR1,US1,UT1,UU1,UV1,UW1,UX1,UY1,UZ1,VA1,VB1,VC1,VD1,VE1,VF1,VG1,VH1,VI1,VJ1,VK1,VL1,VM1,VN1,VO1,VP1,VQ1,VR1,VS1,VT1,VU1,VV1,VW1,VX1,VY1,VZ1,WA1,WB1,WC1,WD1,WE1,WF1,WG1,WH1,WI1,WJ1,WK1,WL1,WM1,WN1,WO1,WP1,WQ1,WR1,WS1,WT1,WU1,WV1,WW1,WX1,WY1,WZ1,XA1,XB1,XC1,XD1,XE1,XF1,XG1,XH1,XI1,XJ1,XK1,XL1,XM1,XN1,XO1,XP1,XQ1,XR1,XS1,XT1,XU1,XV1,XW1,XX1,XY1,XZ1,YA1,YB1,YC1,YD1,YE1,YF1,YG1,YH1,YI1,YJ1,YK1,YL1,YM1,YN1,YO1,YP1,YQ1,YR1,YS1,YT1,YU1,YV1,YW1,YX1,YY1,YZ1,ZA1,ZB1,ZC1,ZD1,ZE1,ZF1,ZG1,ZH1,ZI1,ZJ1,ZK1,ZL1,ZM1,ZN1,ZO1,ZP1,ZQ1,ZR1,ZS1,ZT1,ZU1,ZV1,ZW1,ZX1,ZY1,ALL1,
A2,B2,C2,D2,E2,F2,G2,H2,I2,J2,K2,L2,M2,N2,O2,P2,Q2,R2,S2,T2,U2,V2,W2,X2,Y2,Z2,AA2,AB2,AC2,AD2,AE2,AF2,AG2,AH2,AI2,AJ2,AK2,AL2,AM2,AN2,AO2,AP2,AQ2,AR2,AS2,AT2,AU2,AV2,AW2,AX2,AY2,AZ2,BA2,BB2,BC2,BD2,BE2,BF2,BG2,BH2,BI2,BJ2,BK2,BL2,BM2,BN2,BO2,BP2,BQ2,BR2,BS2,BT2,BU2,BV2,BW2,BX2,BY2,BZ2,CA2,CB2,CC2,CD2,CE2,CF2,CG2,CH2,CI2,CJ2,CK2,CL2,CM2,CN2,CO2,CP2,CQ2,CR2,CS2,CT2,CU2,CV2,CW2,CX2,CY2,CZ2,DA2,DB2,DC2,DD2,DE2,DF2,DG2,DH2,DI2,DJ2,DK2,DL2,DM2,DN2,DO2,DP2,DQ2,DR2,DS2,DT2,DU2,DV2,DW2,DX2,DY2,DZ2,EA2,EB2,EC2,ED2,EE2,EF2,EG2,EH2,EI2,EJ2,EK2,EL2,EM2,EN2,EO2,EP2,EQ2,ER2,ES2,ET2,EU2,EV2,EW2,EX2,EY2,EZ2,FA2,FB2,FC2,FD2,FE2,FF2,FG2,FH2,FI2,FJ2,FK2,FL2,FM2,FN2,FO2,FP2,FQ2,FR2,FS2,FT2,FU2,FV2,FW2,FX2,FY2,FZ2,GA2,GB2,GC2,GD2,GE2,GF2,GG2,GH2,GI2,GJ2,GK2,GL2,GM2,GN2,GO2,GP2,GQ2,GR2,GS2,GT2,GU2,GV2,GW2,GX2,GY2,GZ2,HA2,HB2,HC2,HD2,HE2,HF2,HG2,HH2,HI2,HJ2,HK2,HL2,HM2,HN2,HO2,HP2,HQ2,HR2,HS2,HT2,HU2,HV2,HW2,HX2,HY2,HZ2,IA2,IB2,IC2,ID2,IE2,IF2,IG2,IH2,II2,IJ2,IK2,IL2,IM2,IN2,IO2,IP2,IQ2,IR2,IS2,IT2,IU2,IV2,IW2,IX2,IY2,IZ2,JA2,JB2,JC2,JD2,JE2,JF2,JG2,JH2,JI2,JJ2,JK2,JL2,JM2,JN2,JO2,JP2,JQ2,JR2,JS2,JT2,JU2,JV2,JW2,JX2,JY2,JZ2,KA2,KB2,KC2,KD2,KE2,KF2,KG2,KH2,KI2,KJ2,KK2,KL2,KM2,KN2,KO2,KP2,KQ2,KR2,KS2,KT2,KU2,KV2,KW2,KX2,KY2,KZ2,LA2,LB2,LC2,LD2,LE2,LF2,LG2,LH2,LI2,LJ2,LK2,LL2,LM2,LN2,LO2,LP2,LQ2,LR2,LS2,LT2,LU2,LV2,LW2,LX2,LY2,LZ2,MA2,MB2,MC2,MD2,ME2,MF2,MG2,MH2,MI2,MJ2,MK2,ML2,MM2,MN2,MO2,MP2,MQ2,MR2,MS2,MT2,MU2,MV2,MW2,MX2,MY2,MZ2,NA2,NB2,NC2,ND2,NE2,NF2,NG2,NH2,NI2,NJ2,NK2,NL2,NM2,NN2,NO2,NP2,NQ2,NR2,NS2,NT2,NU2,NV2,NW2,NX2,NY2,NZ2,OA2,OB2,OC2,OD2,OE2,OF2,OG2,OH2,OI2,OJ2,OK2,OL2,OM2,ON2,OO2,OP2,OQ2,OR2,OS2,OT2,OU2,OV2,OW2,OX2,OY2,OZ2,PA2,PB2,PC2,PD2,PE2,PF2,PG2,PH2,PI2,PJ2,PK2,PL2,PM2,PN2,PO2,PP2,PQ2,PR2,PS2,PT2,PU2,PV2,PW2,PX2,PY2,PZ2,QA2,QB2,QC2,QD2,QE2,QF2,QG2,QH2,QI2,QJ2,QK2,QL2,QM2,QN2,QO2,QP2,QQ2,QR2,QS2,QT2,QU2,QV2,QW2,QX2,QY2,QZ2,RA2,RB2,RC2,RD2,RE2,RF2,RG2,RH2,RI2,RJ2,RK2,RL2,RM2,RN2,RO2,RP2,RQ2,RR2,RS2,RT2,RU2,RV2,RW2,RX2,RY2,RZ2,SA2,SB2,SC2,SD2,SE2,SF2,SG2,SH2,SI2,SJ2,SK2,SL2,SM2,SN2,SO2,SP2,SQ2,SR2,SS2,ST2,SU2,SV2,SW2,SX2,SY2,SZ2,TA2,TB2,TC2,TD2,TE2,TF2,TG2,TH2,TI2,TJ2,TK2,TL2,TM2,TN2,TO2,TP2,TQ2,TR2,TS2,TT2,TU2,TV2,TW2,TX2,TY2,TZ2,UA2,UB2,UC2,UD2,UE2,UF2,UG2,UH2,UI2,UJ2,UK2,UL2,UM2,UN2,UO2,UP2,UQ2,UR2,US2,UT2,UU2,UV2,UW2,UX2,UY2,UZ2,VA2,VB2,VC2,VD2,VE2,VF2,VG2,VH2,VI2,VJ2,VK2,VL2,VM2,VN2,VO2,VP2,VQ2,VR2,VS2,VT2,VU2,VV2,VW2,VX2,VY2,VZ2,WA2,WB2,WC2,WD2,WE2,WF2,WG2,WH2,WI2,WJ2,WK2,WL2,WM2,WN2,WO2,WP2,WQ2,WR2,WS2,WT2,WU2,WV2,WW2,WX2,WY2,WZ2,XA2,XB2,XC2,XD2,XE2,XF2,XG2,XH2,XI2,XJ2,XK2,XL2,XM2,XN2,XO2,XP2,XQ2,XR2,XS2,XT2,XU2,XV2,XW2,XX2,XY2,XZ2,YA2,YB2,YC2,YD2,YE2,YF2,YG2,YH2,YI2,YJ2,YK2,YL2,YM2,YN2,YO2,YP2,YQ2,YR2,YS2,YT2,YU2,YV2,YW2,YX2,YY2,YZ2,ZA2,ZB2,ZC2,ZD2,ZE2,ZF2,ZG2,ZH2,ZI2,ZJ2,ZK2,ZL2,ZM2,ZN2,ZO2,ZP2,ZQ2,ZR2,ZS2,ZT2,ZU2,ZV2,ZW2,ZX2,ZY2,ALL2,
A3,B3,C3,D3,E3,F3,G3,H3,I3,J3,K3,L3,M3,N3,O3,P3,Q3,R3,S3,T3,U3,V3,W3,X3,Y3,Z3,AA3,AB3,AC3,AD3,AE3,AF3,AG3,AH3,AI3,AJ3,AK3,AL3,AM3,AN3,AO3,AP3,AQ3,AR3,AS3,AT3,AU3,AV3,AW3,AX3,AY3,AZ3,BA3,BB3,BC3,BD3,BE3,BF3,BG3,BH3,BI3,BJ3,BK3,BL3,BM3,BN3,BO3,BP3,BQ3,BR3,BS3,BT3,BU3,BV3,BW3,BX3,BY3,BZ3,CA3,CB3,CC3,CD3,CE3,CF3,CG3,CH3,CI3,CJ3,CK3,CL3,CM3,CN3,CO3,CP3,CQ3,CR3,CS3,CT3,CU3,CV3,CW3,CX3,CY3,CZ3,DA3,DB3,DC3,DD3,DE3,DF3,DG3,DH3,DI3,DJ3,DK3,DL3,DM3,DN3,DO3,DP3,DQ3,DR3,DS3,DT3,DU3,DV3,DW3,DX3,DY3,DZ3,EA3,EB3,EC3,ED3,EE3,EF3,EG3,EH3,EI3,EJ3,EK3,EL3,EM3,EN3,EO3,EP3,EQ3,ER3,ES3,ET3,EU3,EV3,EW3,EX3,EY3,EZ3,FA3,FB3,FC3,FD3,FE3,FF3,FG3,FH3,FI3,FJ3,FK3,FL3,FM3,FN3,FO3,FP3,FQ3,FR3,FS3,FT3,FU3,FV3,FW3,FX3,FY3,FZ3,GA3,GB3,GC3,GD3,GE3,GF3,GG3,GH3,GI3,GJ3,GK3,GL3,GM3,GN3,GO3,GP3,GQ3,GR3,GS3,GT3,GU3,GV3,GW3,GX3,GY3,GZ3,HA3,HB3,HC3,HD3,HE3,HF3,HG3,HH3,HI3,HJ3,HK3,HL3,HM3,HN3,HO3,HP3,HQ3,HR3,HS3,HT3,HU3,HV3,HW3,HX3,HY3,HZ3,IA3,IB3,IC3,ID3,IE3,IF3,IG3,IH3,II3,IJ3,IK3,IL3,IM3,IN3,IO3,IP3,IQ3,IR3,IS3,IT3,IU3,IV3,IW3,IX3,IY3,IZ3,JA3,JB3,JC3,JD3,JE3,JF3,JG3,JH3,JI3,JJ3,JK3,JL3,JM3,JN3,JO3,JP3,JQ3,JR3,JS3,JT3,JU3,JV3,JW3,JX3,JY3,JZ3,KA3,KB3,KC3,KD3,KE3,KF3,KG3,KH3,KI3,KJ3,KK3,KL3,KM3,KN3,KO3,KP3,KQ3,KR3,KS3,KT3,KU3,KV3,KW3,KX3,KY3,KZ3,LA3,LB3,LC3,LD3,LE3,LF3,LG3,LH3,LI3,LJ3,LK3,LL3,LM3,LN3,LO3,LP3,LQ3,LR3,LS3,LT3,LU3,LV3,LW3,LX3,LY3,LZ3,MA3,MB3,MC3,MD3,ME3,MF3,MG3,MH3,MI3,MJ3,MK3,ML3,MM3,MN3,MO3,MP3,MQ3,MR3,MS3,MT3,MU3,MV3,MW3,MX3,MY3,MZ3,NA3,NB3,NC3,ND3,NE3,NF3,NG3,NH3,NI3,NJ3,NK3,NL3,NM3,NN3,NO3,NP3,NQ3,NR3,NS3,NT3,NU3,NV3,NW3,NX3,NY3,NZ3,OA3,OB3,OC3,OD3,OE3,OF3,OG3,OH3,OI3,OJ3,OK3,OL3,OM3,ON3,OO3,OP3,OQ3,OR3,OS3,OT3,OU3,OV3,OW3,OX3,OY3,OZ3,PA3,PB3,PC3,PD3,PE3,PF3,PG3,PH3,PI3,PJ3,PK3,PL3,PM3,PN3,PO3,PP3,PQ3,PR3,PS3,PT3,PU3,PV3,PW3,PX3,PY3,PZ3,QA3,QB3,QC3,QD3,QE3,QF3,QG3,QH3,QI3,QJ3,QK3,QL3,QM3,QN3,QO3,QP3,QQ3,QR3,QS3,QT3,QU3,QV3,QW3,QX3,QY3,QZ3,RA3,RB3,RC3,RD3,RE3,RF3,RG3,RH3,RI3,RJ3,RK3,RL3,RM3,RN3,RO3,RP3,RQ3,RR3,RS3,RT3,RU3,RV3,RW3,RX3,RY3,RZ3,SA3,SB3,SC3,SD3,SE3,SF3,SG3,SH3,SI3,SJ3,SK3,SL3,SM3,SN3,SO3,SP3,SQ3,SR3,SS3,ST3,SU3,SV3,SW3,SX3,SY3,SZ3,TA3,TB3,TC3,TD3,TE3,TF3,TG3,TH3,TI3,TJ3,TK3,TL3,TM3,TN3,TO3,TP3,TQ3,TR3,TS3,TT3,TU3,TV3,TW3,TX3,TY3,TZ3,UA3,UB3,UC3,UD3,UE3,UF3,UG3,UH3,UI3,UJ3,UK3,UL3,UM3,UN3,UO3,UP3,UQ3,UR3,US3,UT3,UU3,UV3,UW3,UX3,UY3,UZ3,VA3,VB3,VC3,VD3,VE3,VF3,VG3,VH3,VI3,VJ3,VK3,VL3,VM3,VN3,VO3,VP3,VQ3,VR3,VS3,VT3,VU3,VV3,VW3,VX3,VY3,VZ3,WA3,WB3,WC3,WD3,WE3,WF3,WG3,WH3,WI3,WJ3,WK3,WL3,WM3,WN3,WO3,WP3,WQ3,WR3,WS3,WT3,WU3,WV3,WW3,WX3,WY3,WZ3,XA3,XB3,XC3,XD3,XE3,XF3,XG3,XH3,XI3,XJ3,XK3,XL3,XM3,XN3,XO3,XP3,XQ3,XR3,XS3,XT3,XU3,XV3,XW3,XX3,XY3,XZ3,YA3,YB3,YC3,YD3,YE3,YF3,YG3,YH3,YI3,YJ3,YK3,YL3,YM3,YN3,YO3,YP3,YQ3,YR3,YS3,YT3,YU3,YV3,YW3,YX3,YY3,YZ3,ZA3,ZB3,ZC3,ZD3,ZE3,ZF3,ZG3,ZH3,ZI3,ZJ3,ZK3,ZL3,ZM3,ZN3,ZO3,ZP3,ZQ3,ZR3,ZS3,ZT3,ZU3,ZV3,ZW3,ZX3,ZY3,ALL3,
A4,B4,C4,D4,E4,F4,G4,H4,I4,J4,K4,L4,M4,N4,O4,P4,Q4,R4,S4,T4,U4,V4,W4,X4,Y4,Z4,AA4,AB4,AC4,AD4,AE4,AF4,AG4,AH4,AI4,AJ4,AK4,AL4,AM4,AN4,AO4,AP4,AQ4,AR4,AS4,AT4,AU4,AV4,AW4,AX4,AY4,AZ4,BA4,BB4,BC4,BD4,BE4,BF4,BG4,BH4,BI4,BJ4,BK4,BL4,BM4,BN4,BO4,BP4,BQ4,BR4,BS4,BT4,BU4,BV4,BW4,BX4,BY4,BZ4,CA4,CB4,CC4,CD4,CE4,CF4,CG4,CH4,CI4,CJ4,CK4,CL4,CM4,CN4,CO4,CP4,CQ4,CR4,CS4,CT4,CU4,CV4,CW4,CX4,CY4,CZ4,DA4,DB4,DC4,DD4,DE4,DF4,DG4,DH4,DI4,DJ4,DK4,DL4,DM4,DN4,DO4,DP4,DQ4,DR4,DS4,DT4,DU4,DV4,DW4,DX4,DY4,DZ4,EA4,EB4,EC4,ED4,EE4,EF4,EG4,EH4,EI4,EJ4,EK4,EL4,EM4,EN4,EO4,EP4,EQ4,ER4,ES4,ET4,EU4,EV4,EW4,EX4,EY4,EZ4,FA4,FB4,FC4,FD4,FE4,FF4,FG4,FH4,FI4,FJ4,FK4,FL4,FM4,FN4,FO4,FP4,FQ4,FR4,FS4,FT4,FU4,FV4,FW4,FX4,FY4,FZ4,GA4,GB4,GC4,GD4,GE4,GF4,GG4,GH4,GI4,GJ4,GK4,GL4,GM4,GN4,GO4,GP4,GQ4,GR4,GS4,GT4,GU4,GV4,GW4,GX4,GY4,GZ4,HA4,HB4,HC4,HD4,HE4,HF4,HG4,HH4,HI4,HJ4,HK4,HL4,HM4,HN4,HO4,HP4,HQ4,HR4,HS4,HT4,HU4,HV4,HW4,HX4,HY4,HZ4,IA4,IB4,IC4,ID4,IE4,IF4,IG4,IH4,II4,IJ4,IK4,IL4,IM4,IN4,IO4,IP4,IQ4,IR4,IS4,IT4,IU4,IV4,IW4,IX4,IY4,IZ4,JA4,JB4,JC4,JD4,JE4,JF4,JG4,JH4,JI4,JJ4,JK4,JL4,JM4,JN4,JO4,JP4,JQ4,JR4,JS4,JT4,JU4,JV4,JW4,JX4,JY4,JZ4,KA4,KB4,KC4,KD4,KE4,KF4,KG4,KH4,KI4,KJ4,KK4,KL4,KM4,KN4,KO4,KP4,KQ4,KR4,KS4,KT4,KU4,KV4,KW4,KX4,KY4,KZ4,LA4,LB4,LC4,LD4,LE4,LF4,LG4,LH4,LI4,LJ4,LK4,LL4,LM4,LN4,LO4,LP4,LQ4,LR4,LS4,LT4,LU4,LV4,LW4,LX4,LY4,LZ4,MA4,MB4,MC4,MD4,ME4,MF4,MG4,MH4,MI4,MJ4,MK4,ML4,MM4,MN4,MO4,MP4,MQ4,MR4,MS4,MT4,MU4,MV4,MW4,MX4,MY4,MZ4,NA4,NB4,NC4,ND4,NE4,NF4,NG4,NH4,NI4,NJ4,NK4,NL4,NM4,NN4,NO4,NP4,NQ4,NR4,NS4,NT4,NU4,NV4,NW4,NX4,NY4,NZ4,OA4,OB4,OC4,OD4,OE4,OF4,OG4,OH4,OI4,OJ4,OK4,OL4,OM4,ON4,OO4,OP4,OQ4,OR4,OS4,OT4,OU4,OV4,OW4,OX4,OY4,OZ4,PA4,PB4,PC4,PD4,PE4,PF4,PG4,PH4,PI4,PJ4,PK4,PL4,PM4,PN4,PO4,PP4,PQ4,PR4,PS4,PT4,PU4,PV4,PW4,PX4,PY4,PZ4,QA4,QB4,QC4,QD4,QE4,QF4,QG4,QH4,QI4,QJ4,QK4,QL4,QM4,QN4,QO4,QP4,QQ4,QR4,QS4,QT4,QU4,QV4,QW4,QX4,QY4,QZ4,RA4,RB4,RC4,RD4,RE4,RF4,RG4,RH4,RI4,RJ4,RK4,RL4,RM4,RN4,RO4,RP4,RQ4,RR4,RS4,RT4,RU4,RV4,RW4,RX4,RY4,RZ4,SA4,SB4,SC4,SD4,SE4,SF4,SG4,SH4,SI4,SJ4,SK4,SL4,SM4,SN4,SO4,SP4,SQ4,SR4,SS4,ST4,SU4,SV4,SW4,SX4,SY4,SZ4,TA4,TB4,TC4,TD4,TE4,TF4,TG4,TH4,TI4,TJ4,TK4,TL4,TM4,TN4,TO4,TP4,TQ4,TR4,TS4,TT4,TU4,TV4,TW4,TX4,TY4,TZ4,UA4,UB4,UC4,UD4,UE4,UF4,UG4,UH4,UI4,UJ4,UK4,UL4,UM4,UN4,UO4,UP4,UQ4,UR4,US4,UT4,UU4,UV4,UW4,UX4,UY4,UZ4,VA4,VB4,VC4,VD4,VE4,VF4,VG4,VH4,VI4,VJ4,VK4,VL4,VM4,VN4,VO4,VP4,VQ4,VR4,VS4,VT4,VU4,VV4,VW4,VX4,VY4,VZ4,WA4,WB4,WC4,WD4,WE4,WF4,WG4,WH4,WI4,WJ4,WK4,WL4,WM4,WN4,WO4,WP4,WQ4,WR4,WS4,WT4,WU4,WV4,WW4,WX4,WY4,WZ4,XA4,XB4,XC4,XD4,XE4,XF4,XG4,XH4,XI4,XJ4,XK4,XL4,XM4,XN4,XO4,XP4,XQ4,XR4,XS4,XT4,XU4,XV4,XW4,XX4,XY4,XZ4,YA4,YB4,YC4,YD4,YE4,YF4,YG4,YH4,YI4,YJ4,YK4,YL4,YM4,YN4,YO4,YP4,YQ4,YR4,YS4,YT4,YU4,YV4,YW4,YX4,YY4,YZ4,ZA4,ZB4,ZC4,ZD4,ZE4,ZF4,ZG4,ZH4,ZI4,ZJ4,ZK4,ZL4,ZM4,ZN4,ZO4,ZP4,ZQ4,ZR4,ZS4,ZT4,ZU4,ZV4,ZW4,ZX4,ZY4,ALL4,
A5,B5,C5,D5,E5,F5,G5,H5,I5,J5,K5,L5,M5,N5,O5,P5,Q5,R5,S5,T5,U5,V5,W5,X5,Y5,Z5,AA5,AB5,AC5,AD5,AE5,AF5,AG5,AH5,AI5,AJ5,AK5,AL5,AM5,AN5,AO5,AP5,AQ5,AR5,AS5,AT5,AU5,AV5,AW5,AX5,AY5,AZ5,BA5,BB5,BC5,BD5,BE5,BF5,BG5,BH5,BI5,BJ5,BK5,BL5,BM5,BN5,BO5,BP5,BQ5,BR5,BS5,BT5,BU5,BV5,BW5,BX5,BY5,BZ5,CA5,CB5,CC5,CD5,CE5,CF5,CG5,CH5,CI5,CJ5,CK5,CL5,CM5,CN5,CO5,CP5,CQ5,CR5,CS5,CT5,CU5,CV5,CW5,CX5,CY5,CZ5,DA5,DB5,DC5,DD5,DE5,DF5,DG5,DH5,DI5,DJ5,DK5,DL5,DM5,DN5,DO5,DP5,DQ5,DR5,DS5,DT5,DU5,DV5,DW5,DX5,DY5,DZ5,EA5,EB5,EC5,ED5,EE5,EF5,EG5,EH5,EI5,EJ5,EK5,EL5,EM5,EN5,EO5,EP5,EQ5,ER5,ES5,ET5,EU5,EV5,EW5,EX5,EY5,EZ5,FA5,FB5,FC5,FD5,FE5,FF5,FG5,FH5,FI5,FJ5,FK5,FL5,FM5,FN5,FO5,FP5,FQ5,FR5,FS5,FT5,FU5,FV5,FW5,FX5,FY5,FZ5,GA5,GB5,GC5,GD5,GE5,GF5,GG5,GH5,GI5,GJ5,GK5,GL5,GM5,GN5,GO5,GP5,GQ5,GR5,GS5,GT5,GU5,GV5,GW5,GX5,GY5,GZ5,HA5,HB5,HC5,HD5,HE5,HF5,HG5,HH5,HI5,HJ5,HK5,HL5,HM5,HN5,HO5,HP5,HQ5,HR5,HS5,HT5,HU5,HV5,HW5,HX5,HY5,HZ5,IA5,IB5,IC5,ID5,IE5,IF5,IG5,IH5,II5,IJ5,IK5,IL5,IM5,IN5,IO5,IP5,IQ5,IR5,IS5,IT5,IU5,IV5,IW5,IX5,IY5,IZ5,JA5,JB5,JC5,JD5,JE5,JF5,JG5,JH5,JI5,JJ5,JK5,JL5,JM5,JN5,JO5,JP5,JQ5,JR5,JS5,JT5,JU5,JV5,JW5,JX5,JY5,JZ5,KA5,KB5,KC5,KD5,KE5,KF5,KG5,KH5,KI5,KJ5,KK5,KL5,KM5,KN5,KO5,KP5,KQ5,KR5,KS5,KT5,KU5,KV5,KW5,KX5,KY5,KZ5,LA5,LB5,LC5,LD5,LE5,LF5,LG5,LH5,LI5,LJ5,LK5,LL5,LM5,LN5,LO5,LP5,LQ5,LR5,LS5,LT5,LU5,LV5,LW5,LX5,LY5,LZ5,MA5,MB5,MC5,MD5,ME5,MF5,MG5,MH5,MI5,MJ5,MK5,ML5,MM5,MN5,MO5,MP5,MQ5,MR5,MS5,MT5,MU5,MV5,MW5,MX5,MY5,MZ5,NA5,NB5,NC5,ND5,NE5,NF5,NG5,NH5,NI5,NJ5,NK5,NL5,NM5,NN5,NO5,NP5,NQ5,NR5,NS5,NT5,NU5,NV5,NW5,NX5,NY5,NZ5,OA5,OB5,OC5,OD5,OE5,OF5,OG5,OH5,OI5,OJ5,OK5,OL5,OM5,ON5,OO5,OP5,OQ5,OR5,OS5,OT5,OU5,OV5,OW5,OX5,OY5,OZ5,PA5,PB5,PC5,PD5,PE5,PF5,PG5,PH5,PI5,PJ5,PK5,PL5,PM5,PN5,PO5,PP5,PQ5,PR5,PS5,PT5,PU5,PV5,PW5,PX5,PY5,PZ5,QA5,QB5,QC5,QD5,QE5,QF5,QG5,QH5,QI5,QJ5,QK5,QL5,QM5,QN5,QO5,QP5,QQ5,QR5,QS5,QT5,QU5,QV5,QW5,QX5,QY5,QZ5,RA5,RB5,RC5,RD5,RE5,RF5,RG5,RH5,RI5,RJ5,RK5,RL5,RM5,RN5,RO5,RP5,RQ5,RR5,RS5,RT5,RU5,RV5,RW5,RX5,RY5,RZ5,SA5,SB5,SC5,SD5,SE5,SF5,SG5,SH5,SI5,SJ5,SK5,SL5,SM5,SN5,SO5,SP5,SQ5,SR5,SS5,ST5,SU5,SV5,SW5,SX5,SY5,SZ5,TA5,TB5,TC5,TD5,TE5,TF5,TG5,TH5,TI5,TJ5,TK5,TL5,TM5,TN5,TO5,TP5,TQ5,TR5,TS5,TT5,TU5,TV5,TW5,TX5,TY5,TZ5,UA5,UB5,UC5,UD5,UE5,UF5,UG5,UH5,UI5,UJ5,UK5,UL5,UM5,UN5,UO5,UP5,UQ5,UR5,US5,UT5,UU5,UV5,UW5,UX5,UY5,UZ5,VA5,VB5,VC5,VD5,VE5,VF5,VG5,VH5,VI5,VJ5,VK5,VL5,VM5,VN5,VO5,VP5,VQ5,VR5,VS5,VT5,VU5,VV5,VW5,VX5,VY5,VZ5,WA5,WB5,WC5,WD5,WE5,WF5,WG5,WH5,WI5,WJ5,WK5,WL5,WM5,WN5,WO5,WP5,WQ5,WR5,WS5,WT5,WU5,WV5,WW5,WX5,WY5,WZ5,XA5,XB5,XC5,XD5,XE5,XF5,XG5,XH5,XI5,XJ5,XK5,XL5,XM5,XN5,XO5,XP5,XQ5,XR5,XS5,XT5,XU5,XV5,XW5,XX5,XY5,XZ5,YA5,YB5,YC5,YD5,YE5,YF5,YG5,YH5,YI5,YJ5,YK5,YL5,YM5,YN5,YO5,YP5,YQ5,YR5,YS5,YT5,YU5,YV5,YW5,YX5,YY5,YZ5,ZA5,ZB5,ZC5,ZD5,ZE5,ZF5,ZG5,ZH5,ZI5,ZJ5,ZK5,ZL5,ZM5,ZN5,ZO5,ZP5,ZQ5,ZR5,ZS5,ZT5,ZU5,ZV5,ZW5,ZX5,ZY5,ALL5,
A6,B6,C6,D6,E6,F6,G6,H6,I6,J6,K6,L6,M6,N6,O6,P6,Q6,R6,S6,T6,U6,V6,W6,X6,Y6,Z6,AA6,AB6,AC6,AD6,AE6,AF6,AG6,AH6,AI6,AJ6,AK6,AL6,AM6,AN6,AO6,AP6,AQ6,AR6,AS6,AT6,AU6,AV6,AW6,AX6,AY6,AZ6,BA6,BB6,BC6,BD6,BE6,BF6,BG6,BH6,BI6,BJ6,BK6,BL6,BM6,BN6,BO6,BP6,BQ6,BR6,BS6,BT6,BU6,BV6,BW6,BX6,BY6,BZ6,CA6,CB6,CC6,CD6,CE6,CF6,CG6,CH6,CI6,CJ6,CK6,CL6,CM6,CN6,CO6,CP6,CQ6,CR6,CS6,CT6,CU6,CV6,CW6,CX6,CY6,CZ6,DA6,DB6,DC6,DD6,DE6,DF6,DG6,DH6,DI6,DJ6,DK6,DL6,DM6,DN6,DO6,DP6,DQ6,DR6,DS6,DT6,DU6,DV6,DW6,DX6,DY6,DZ6,EA6,EB6,EC6,ED6,EE6,EF6,EG6,EH6,EI6,EJ6,EK6,EL6,EM6,EN6,EO6,EP6,EQ6,ER6,ES6,ET6,EU6,EV6,EW6,EX6,EY6,EZ6,FA6,FB6,FC6,FD6,FE6,FF6,FG6,FH6,FI6,FJ6,FK6,FL6,FM6,FN6,FO6,FP6,FQ6,FR6,FS6,FT6,FU6,FV6,FW6,FX6,FY6,FZ6,GA6,GB6,GC6,GD6,GE6,GF6,GG6,GH6,GI6,GJ6,GK6,GL6,GM6,GN6,GO6,GP6,GQ6,GR6,GS6,GT6,GU6,GV6,GW6,GX6,GY6,GZ6,HA6,HB6,HC6,HD6,HE6,HF6,HG6,HH6,HI6,HJ6,HK6,HL6,HM6,HN6,HO6,HP6,HQ6,HR6,HS6,HT6,HU6,HV6,HW6,HX6,HY6,HZ6,IA6,IB6,IC6,ID6,IE6,IF6,IG6,IH6,II6,IJ6,IK6,IL6,IM6,IN6,IO6,IP6,IQ6,IR6,IS6,IT6,IU6,IV6,IW6,IX6,IY6,IZ6,JA6,JB6,JC6,JD6,JE6,JF6,JG6,JH6,JI6,JJ6,JK6,JL6,JM6,JN6,JO6,JP6,JQ6,JR6,JS6,JT6,JU6,JV6,JW6,JX6,JY6,JZ6,KA6,KB6,KC6,KD6,KE6,KF6,KG6,KH6,KI6,KJ6,KK6,KL6,KM6,KN6,KO6,KP6,KQ6,KR6,KS6,KT6,KU6,KV6,KW6,KX6,KY6,KZ6,LA6,LB6,LC6,LD6,LE6,LF6,LG6,LH6,LI6,LJ6,LK6,LL6,LM6,LN6,LO6,LP6,LQ6,LR6,LS6,LT6,LU6,LV6,LW6,LX6,LY6,LZ6,MA6,MB6,MC6,MD6,ME6,MF6,MG6,MH6,MI6,MJ6,MK6,ML6,MM6,MN6,MO6,MP6,MQ6,MR6,MS6,MT6,MU6,MV6,MW6,MX6,MY6,MZ6,NA6,NB6,NC6,ND6,NE6,NF6,NG6,NH6,NI6,NJ6,NK6,NL6,NM6,NN6,NO6,NP6,NQ6,NR6,NS6,NT6,NU6,NV6,NW6,NX6,NY6,NZ6,OA6,OB6,OC6,OD6,OE6,OF6,OG6,OH6,OI6,OJ6,OK6,OL6,OM6,ON6,OO6,OP6,OQ6,OR6,OS6,OT6,OU6,OV6,OW6,OX6,OY6,OZ6,PA6,PB6,PC6,PD6,PE6,PF6,PG6,PH6,PI6,PJ6,PK6,PL6,PM6,PN6,PO6,PP6,PQ6,PR6,PS6,PT6,PU6,PV6,PW6,PX6,PY6,PZ6,QA6,QB6,QC6,QD6,QE6,QF6,QG6,QH6,QI6,QJ6,QK6,QL6,QM6,QN6,QO6,QP6,QQ6,QR6,QS6,QT6,QU6,QV6,QW6,QX6,QY6,QZ6,RA6,RB6,RC6,RD6,RE6,RF6,RG6,RH6,RI6,RJ6,RK6,RL6,RM6,RN6,RO6,RP6,RQ6,RR6,RS6,RT6,RU6,RV6,RW6,RX6,RY6,RZ6,SA6,SB6,SC6,SD6,SE6,SF6,SG6,SH6,SI6,SJ6,SK6,SL6,SM6,SN6,SO6,SP6,SQ6,SR6,SS6,ST6,SU6,SV6,SW6,SX6,SY6,SZ6,TA6,TB6,TC6,TD6,TE6,TF6,TG6,TH6,TI6,TJ6,TK6,TL6,TM6,TN6,TO6,TP6,TQ6,TR6,TS6,TT6,TU6,TV6,TW6,TX6,TY6,TZ6,UA6,UB6,UC6,UD6,UE6,UF6,UG6,UH6,UI6,UJ6,UK6,UL6,UM6,UN6,UO6,UP6,UQ6,UR6,US6,UT6,UU6,UV6,UW6,UX6,UY6,UZ6,VA6,VB6,VC6,VD6,VE6,VF6,VG6,VH6,VI6,VJ6,VK6,VL6,VM6,VN6,VO6,VP6,VQ6,VR6,VS6,VT6,VU6,VV6,VW6,VX6,VY6,VZ6,WA6,WB6,WC6,WD6,WE6,WF6,WG6,WH6,WI6,WJ6,WK6,WL6,WM6,WN6,WO6,WP6,WQ6,WR6,WS6,WT6,WU6,WV6,WW6,WX6,WY6,WZ6,XA6,XB6,XC6,XD6,XE6,XF6,XG6,XH6,XI6,XJ6,XK6,XL6,XM6,XN6,XO6,XP6,XQ6,XR6,XS6,XT6,XU6,XV6,XW6,XX6,XY6,XZ6,YA6,YB6,YC6,YD6,YE6,YF6,YG6,YH6,YI6,YJ6,YK6,YL6,YM6,YN6,YO6,YP6,YQ6,YR6,YS6,YT6,YU6,YV6,YW6,YX6,YY6,YZ6,ZA6,ZB6,ZC6,ZD6,ZE6,ZF6,ZG6,ZH6,ZI6,ZJ6,ZK6,ZL6,ZM6,ZN6,ZO6,ZP6,ZQ6,ZR6,ZS6,ZT6,ZU6,ZV6,ZW6,ZX6,ZY6,ALL6,
A7,B7,C7,D7,E7,F7,G7,H7,I7,J7,K7,L7,M7,N7,O7,P7,Q7,R7,S7,T7,U7,V7,W7,X7,Y7,Z7,AA7,AB7,AC7,AD7,AE7,AF7,AG7,AH7,AI7,AJ7,AK7,AL7,AM7,AN7,AO7,AP7,AQ7,AR7,AS7,AT7,AU7,AV7,AW7,AX7,AY7,AZ7,BA7,BB7,BC7,BD7,BE7,BF7,BG7,BH7,BI7,BJ7,BK7,BL7,BM7,BN7,BO7,BP7,BQ7,BR7,BS7,BT7,BU7,BV7,BW7,BX7,BY7,BZ7,CA7,CB7,CC7,CD7,CE7,CF7,CG7,CH7,CI7,CJ7,CK7,CL7,CM7,CN7,CO7,CP7,CQ7,CR7,CS7,CT7,CU7,CV7,CW7,CX7,CY7,CZ7,DA7,DB7,DC7,DD7,DE7,DF7,DG7,DH7,DI7,DJ7,DK7,DL7,DM7,DN7,DO7,DP7,DQ7,DR7,DS7,DT7,DU7,DV7,DW7,DX7,DY7,DZ7,EA7,EB7,EC7,ED7,EE7,EF7,EG7,EH7,EI7,EJ7,EK7,EL7,EM7,EN7,EO7,EP7,EQ7,ER7,ES7,ET7,EU7,EV7,EW7,EX7,EY7,EZ7,FA7,FB7,FC7,FD7,FE7,FF7,FG7,FH7,FI7,FJ7,FK7,FL7,FM7,FN7,FO7,FP7,FQ7,FR7,FS7,FT7,FU7,FV7,FW7,FX7,FY7,FZ7,GA7,GB7,GC7,GD7,GE7,GF7,GG7,GH7,GI7,GJ7,GK7,GL7,GM7,GN7,GO7,GP7,GQ7,GR7,GS7,GT7,GU7,GV7,GW7,GX7,GY7,GZ7,HA7,HB7,HC7,HD7,HE7,HF7,HG7,HH7,HI7,HJ7,HK7,HL7,HM7,HN7,HO7,HP7,HQ7,HR7,HS7,HT7,HU7,HV7,HW7,HX7,HY7,HZ7,IA7,IB7,IC7,ID7,IE7,IF7,IG7,IH7,II7,IJ7,IK7,IL7,IM7,IN7,IO7,IP7,IQ7,IR7,IS7,IT7,IU7,IV7,IW7,IX7,IY7,IZ7,JA7,JB7,JC7,JD7,JE7,JF7,JG7,JH7,JI7,JJ7,JK7,JL7,JM7,JN7,JO7,JP7,JQ7,JR7,JS7,JT7,JU7,JV7,JW7,JX7,JY7,JZ7,KA7,KB7,KC7,KD7,KE7,KF7,KG7,KH7,KI7,KJ7,KK7,KL7,KM7,KN7,KO7,KP7,KQ7,KR7,KS7,KT7,KU7,KV7,KW7,KX7,KY7,KZ7,LA7,LB7,LC7,LD7,LE7,LF7,LG7,LH7,LI7,LJ7,LK7,LL7,LM7,LN7,LO7,LP7,LQ7,LR7,LS7,LT7,LU7,LV7,LW7,LX7,LY7,LZ7,MA7,MB7,MC7,MD7,ME7,MF7,MG7,MH7,MI7,MJ7,MK7,ML7,MM7,MN7,MO7,MP7,MQ7,MR7,MS7,MT7,MU7,MV7,MW7,MX7,MY7,MZ7,NA7,NB7,NC7,ND7,NE7,NF7,NG7,NH7,NI7,NJ7,NK7,NL7,NM7,NN7,NO7,NP7,NQ7,NR7,NS7,NT7,NU7,NV7,NW7,NX7,NY7,NZ7,OA7,OB7,OC7,OD7,OE7,OF7,OG7,OH7,OI7,OJ7,OK7,OL7,OM7,ON7,OO7,OP7,OQ7,OR7,OS7,OT7,OU7,OV7,OW7,OX7,OY7,OZ7,PA7,PB7,PC7,PD7,PE7,PF7,PG7,PH7,PI7,PJ7,PK7,PL7,PM7,PN7,PO7,PP7,PQ7,PR7,PS7,PT7,PU7,PV7,PW7,PX7,PY7,PZ7,QA7,QB7,QC7,QD7,QE7,QF7,QG7,QH7,QI7,QJ7,QK7,QL7,QM7,QN7,QO7,QP7,QQ7,QR7,QS7,QT7,QU7,QV7,QW7,QX7,QY7,QZ7,RA7,RB7,RC7,RD7,RE7,RF7,RG7,RH7,RI7,RJ7,RK7,RL7,RM7,RN7,RO7,RP7,RQ7,RR7,RS7,RT7,RU7,RV7,RW7,RX7,RY7,RZ7,SA7,SB7,SC7,SD7,SE7,SF7,SG7,SH7,SI7,SJ7,SK7,SL7,SM7,SN7,SO7,SP7,SQ7,SR7,SS7,ST7,SU7,SV7,SW7,SX7,SY7,SZ7,TA7,TB7,TC7,TD7,TE7,TF7,TG7,TH7,TI7,TJ7,TK7,TL7,TM7,TN7,TO7,TP7,TQ7,TR7,TS7,TT7,TU7,TV7,TW7,TX7,TY7,TZ7,UA7,UB7,UC7,UD7,UE7,UF7,UG7,UH7,UI7,UJ7,UK7,UL7,UM7,UN7,UO7,UP7,UQ7,UR7,US7,UT7,UU7,UV7,UW7,UX7,UY7,UZ7,VA7,VB7,VC7,VD7,VE7,VF7,VG7,VH7,VI7,VJ7,VK7,VL7,VM7,VN7,VO7,VP7,VQ7,VR7,VS7,VT7,VU7,VV7,VW7,VX7,VY7,VZ7,WA7,WB7,WC7,WD7,WE7,WF7,WG7,WH7,WI7,WJ7,WK7,WL7,WM7,WN7,WO7,WP7,WQ7,WR7,WS7,WT7,WU7,WV7,WW7,WX7,WY7,WZ7,XA7,XB7,XC7,XD7,XE7,XF7,XG7,XH7,XI7,XJ7,XK7,XL7,XM7,XN7,XO7,XP7,XQ7,XR7,XS7,XT7,XU7,XV7,XW7,XX7,XY7,XZ7,YA7,YB7,YC7,YD7,YE7,YF7,YG7,YH7,YI7,YJ7,YK7,YL7,YM7,YN7,YO7,YP7,YQ7,YR7,YS7,YT7,YU7,YV7,YW7,YX7,YY7,YZ7,ZA7,ZB7,ZC7,ZD7,ZE7,ZF7,ZG7,ZH7,ZI7,ZJ7,ZK7,ZL7,ZM7,ZN7,ZO7,ZP7,ZQ7,ZR7,ZS7,ZT7,ZU7,ZV7,ZW7,ZX7,ZY7,ALL7,
A8,B8,C8,D8,E8,F8,G8,H8,I8,J8,K8,L8,M8,N8,O8,P8,Q8,R8,S8,T8,U8,V8,W8,X8,Y8,Z8,AA8,AB8,AC8,AD8,AE8,AF8,AG8,AH8,AI8,AJ8,AK8,AL8,AM8,AN8,AO8,AP8,AQ8,AR8,AS8,AT8,AU8,AV8,AW8,AX8,AY8,AZ8,BA8,BB8,BC8,BD8,BE8,BF8,BG8,BH8,BI8,BJ8,BK8,BL8,BM8,BN8,BO8,BP8,BQ8,BR8,BS8,BT8,BU8,BV8,BW8,BX8,BY8,BZ8,CA8,CB8,CC8,CD8,CE8,CF8,CG8,CH8,CI8,CJ8,CK8,CL8,CM8,CN8,CO8,CP8,CQ8,CR8,CS8,CT8,CU8,CV8,CW8,CX8,CY8,CZ8,DA8,DB8,DC8,DD8,DE8,DF8,DG8,DH8,DI8,DJ8,DK8,DL8,DM8,DN8,DO8,DP8,DQ8,DR8,DS8,DT8,DU8,DV8,DW8,DX8,DY8,DZ8,EA8,EB8,EC8,ED8,EE8,EF8,EG8,EH8,EI8,EJ8,EK8,EL8,EM8,EN8,EO8,EP8,EQ8,ER8,ES8,ET8,EU8,EV8,EW8,EX8,EY8,EZ8,FA8,FB8,FC8,FD8,FE8,FF8,FG8,FH8,FI8,FJ8,FK8,FL8,FM8,FN8,FO8,FP8,FQ8,FR8,FS8,FT8,FU8,FV8,FW8,FX8,FY8,FZ8,GA8,GB8,GC8,GD8,GE8,GF8,GG8,GH8,GI8,GJ8,GK8,GL8,GM8,GN8,GO8,GP8,GQ8,GR8,GS8,GT8,GU8,GV8,GW8,GX8,GY8,GZ8,HA8,HB8,HC8,HD8,HE8,HF8,HG8,HH8,HI8,HJ8,HK8,HL8,HM8,HN8,HO8,HP8,HQ8,HR8,HS8,HT8,HU8,HV8,HW8,HX8,HY8,HZ8,IA8,IB8,IC8,ID8,IE8,IF8,IG8,IH8,II8,IJ8,IK8,IL8,IM8,IN8,IO8,IP8,IQ8,IR8,IS8,IT8,IU8,IV8,IW8,IX8,IY8,IZ8,JA8,JB8,JC8,JD8,JE8,JF8,JG8,JH8,JI8,JJ8,JK8,JL8,JM8,JN8,JO8,JP8,JQ8,JR8,JS8,JT8,JU8,JV8,JW8,JX8,JY8,JZ8,KA8,KB8,KC8,KD8,KE8,KF8,KG8,KH8,KI8,KJ8,KK8,KL8,KM8,KN8,KO8,KP8,KQ8,KR8,KS8,KT8,KU8,KV8,KW8,KX8,KY8,KZ8,LA8,LB8,LC8,LD8,LE8,LF8,LG8,LH8,LI8,LJ8,LK8,LL8,LM8,LN8,LO8,LP8,LQ8,LR8,LS8,LT8,LU8,LV8,LW8,LX8,LY8,LZ8,MA8,MB8,MC8,MD8,ME8,MF8,MG8,MH8,MI8,MJ8,MK8,ML8,MM8,MN8,MO8,MP8,MQ8,MR8,MS8,MT8,MU8,MV8,MW8,MX8,MY8,MZ8,NA8,NB8,NC8,ND8,NE8,NF8,NG8,NH8,NI8,NJ8,NK8,NL8,NM8,NN8,NO8,NP8,NQ8,NR8,NS8,NT8,NU8,NV8,NW8,NX8,NY8,NZ8,OA8,OB8,OC8,OD8,OE8,OF8,OG8,OH8,OI8,OJ8,OK8,OL8,OM8,ON8,OO8,OP8,OQ8,OR8,OS8,OT8,OU8,OV8,OW8,OX8,OY8,OZ8,PA8,PB8,PC8,PD8,PE8,PF8,PG8,PH8,PI8,PJ8,PK8,PL8,PM8,PN8,PO8,PP8,PQ8,PR8,PS8,PT8,PU8,PV8,PW8,PX8,PY8,PZ8,QA8,QB8,QC8,QD8,QE8,QF8,QG8,QH8,QI8,QJ8,QK8,QL8,QM8,QN8,QO8,QP8,QQ8,QR8,QS8,QT8,QU8,QV8,QW8,QX8,QY8,QZ8,RA8,RB8,RC8,RD8,RE8,RF8,RG8,RH8,RI8,RJ8,RK8,RL8,RM8,RN8,RO8,RP8,RQ8,RR8,RS8,RT8,RU8,RV8,RW8,RX8,RY8,RZ8,SA8,SB8,SC8,SD8,SE8,SF8,SG8,SH8,SI8,SJ8,SK8,SL8,SM8,SN8,SO8,SP8,SQ8,SR8,SS8,ST8,SU8,SV8,SW8,SX8,SY8,SZ8,TA8,TB8,TC8,TD8,TE8,TF8,TG8,TH8,TI8,TJ8,TK8,TL8,TM8,TN8,TO8,TP8,TQ8,TR8,TS8,TT8,TU8,TV8,TW8,TX8,TY8,TZ8,UA8,UB8,UC8,UD8,UE8,UF8,UG8,UH8,UI8,UJ8,UK8,UL8,UM8,UN8,UO8,UP8,UQ8,UR8,US8,UT8,UU8,UV8,UW8,UX8,UY8,UZ8,VA8,VB8,VC8,VD8,VE8,VF8,VG8,VH8,VI8,VJ8,VK8,VL8,VM8,VN8,VO8,VP8,VQ8,VR8,VS8,VT8,VU8,VV8,VW8,VX8,VY8,VZ8,WA8,WB8,WC8,WD8,WE8,WF8,WG8,WH8,WI8,WJ8,WK8,WL8,WM8,WN8,WO8,WP8,WQ8,WR8,WS8,WT8,WU8,WV8,WW8,WX8,WY8,WZ8,XA8,XB8,XC8,XD8,XE8,XF8,XG8,XH8,XI8,XJ8,XK8,XL8,XM8,XN8,XO8,XP8,XQ8,XR8,XS8,XT8,XU8,XV8,XW8,XX8,XY8,XZ8,YA8,YB8,YC8,YD8,YE8,YF8,YG8,YH8,YI8,YJ8,YK8,YL8,YM8,YN8,YO8,YP8,YQ8,YR8,YS8,YT8,YU8,YV8,YW8,YX8,YY8,YZ8,ZA8,ZB8,ZC8,ZD8,ZE8,ZF8,ZG8,ZH8,ZI8,ZJ8,ZK8,ZL8,ZM8,ZN8,ZO8,ZP8,ZQ8,ZR8,ZS8,ZT8,ZU8,ZV8,ZW8,ZX8,ZY8,ALL8,
A9,B9,C9,D9,E9,F9,G9,H9,I9,J9,K9,L9,M9,N9,O9,P9,Q9,R9,S9,T9,U9,V9,W9,X9,Y9,Z9,AA9,AB9,AC9,AD9,AE9,AF9,AG9,AH9,AI9,AJ9,AK9,AL9,AM9,AN9,AO9,AP9,AQ9,AR9,AS9,AT9,AU9,AV9,AW9,AX9,AY9,AZ9,BA9,BB9,BC9,BD9,BE9,BF9,BG9,BH9,BI9,BJ9,BK9,BL9,BM9,BN9,BO9,BP9,BQ9,BR9,BS9,BT9,BU9,BV9,BW9,BX9,BY9,BZ9,CA9,CB9,CC9,CD9,CE9,CF9,CG9,CH9,CI9,CJ9,CK9,CL9,CM9,CN9,CO9,CP9,CQ9,CR9,CS9,CT9,CU9,CV9,CW9,CX9,CY9,CZ9,DA9,DB9,DC9,DD9,DE9,DF9,DG9,DH9,DI9,DJ9,DK9,DL9,DM9,DN9,DO9,DP9,DQ9,DR9,DS9,DT9,DU9,DV9,DW9,DX9,DY9,DZ9,EA9,EB9,EC9,ED9,EE9,EF9,EG9,EH9,EI9,EJ9,EK9,EL9,EM9,EN9,EO9,EP9,EQ9,ER9,ES9,ET9,EU9,EV9,EW9,EX9,EY9,EZ9,FA9,FB9,FC9,FD9,FE9,FF9,FG9,FH9,FI9,FJ9,FK9,FL9,FM9,FN9,FO9,FP9,FQ9,FR9,FS9,FT9,FU9,FV9,FW9,FX9,FY9,FZ9,GA9,GB9,GC9,GD9,GE9,GF9,GG9,GH9,GI9,GJ9,GK9,GL9,GM9,GN9,GO9,GP9,GQ9,GR9,GS9,GT9,GU9,GV9,GW9,GX9,GY9,GZ9,HA9,HB9,HC9,HD9,HE9,HF9,HG9,HH9,HI9,HJ9,HK9,HL9,HM9,HN9,HO9,HP9,HQ9,HR9,HS9,HT9,HU9,HV9,HW9,HX9,HY9,HZ9,IA9,IB9,IC9,ID9,IE9,IF9,IG9,IH9,II9,IJ9,IK9,IL9,IM9,IN9,IO9,IP9,IQ9,IR9,IS9,IT9,IU9,IV9,IW9,IX9,IY9,IZ9,JA9,JB9,JC9,JD9,JE9,JF9,JG9,JH9,JI9,JJ9,JK9,JL9,JM9,JN9,JO9,JP9,JQ9,JR9,JS9,JT9,JU9,JV9,JW9,JX9,JY9,JZ9,KA9,KB9,KC9,KD9,KE9,KF9,KG9,KH9,KI9,KJ9,KK9,KL9,KM9,KN9,KO9,KP9,KQ9,KR9,KS9,KT9,KU9,KV9,KW9,KX9,KY9,KZ9,LA9,LB9,LC9,LD9,LE9,LF9,LG9,LH9,LI9,LJ9,LK9,LL9,LM9,LN9,LO9,LP9,LQ9,LR9,LS9,LT9,LU9,LV9,LW9,LX9,LY9,LZ9,MA9,MB9,MC9,MD9,ME9,MF9,MG9,MH9,MI9,MJ9,MK9,ML9,MM9,MN9,MO9,MP9,MQ9,MR9,MS9,MT9,MU9,MV9,MW9,MX9,MY9,MZ9,NA9,NB9,NC9,ND9,NE9,NF9,NG9,NH9,NI9,NJ9,NK9,NL9,NM9,NN9,NO9,NP9,NQ9,NR9,NS9,NT9,NU9,NV9,NW9,NX9,NY9,NZ9,OA9,OB9,OC9,OD9,OE9,OF9,OG9,OH9,OI9,OJ9,OK9,OL9,OM9,ON9,OO9,OP9,OQ9,OR9,OS9,OT9,OU9,OV9,OW9,OX9,OY9,OZ9,PA9,PB9,PC9,PD9,PE9,PF9,PG9,PH9,PI9,PJ9,PK9,PL9,PM9,PN9,PO9,PP9,PQ9,PR9,PS9,PT9,PU9,PV9,PW9,PX9,PY9,PZ9,QA9,QB9,QC9,QD9,QE9,QF9,QG9,QH9,QI9,QJ9,QK9,QL9,QM9,QN9,QO9,QP9,QQ9,QR9,QS9,QT9,QU9,QV9,QW9,QX9,QY9,QZ9,RA9,RB9,RC9,RD9,RE9,RF9,RG9,RH9,RI9,RJ9,RK9,RL9,RM9,RN9,RO9,RP9,RQ9,RR9,RS9,RT9,RU9,RV9,RW9,RX9,RY9,RZ9,SA9,SB9,SC9,SD9,SE9,SF9,SG9,SH9,SI9,SJ9,SK9,SL9,SM9,SN9,SO9,SP9,SQ9,SR9,SS9,ST9,SU9,SV9,SW9,SX9,SY9,SZ9,TA9,TB9,TC9,TD9,TE9,TF9,TG9,TH9,TI9,TJ9,TK9,TL9,TM9,TN9,TO9,TP9,TQ9,TR9,TS9,TT9,TU9,TV9,TW9,TX9,TY9,TZ9,UA9,UB9,UC9,UD9,UE9,UF9,UG9,UH9,UI9,UJ9,UK9,UL9,UM9,UN9,UO9,UP9,UQ9,UR9,US9,UT9,UU9,UV9,UW9,UX9,UY9,UZ9,VA9,VB9,VC9,VD9,VE9,VF9,VG9,VH9,VI9,VJ9,VK9,VL9,VM9,VN9,VO9,VP9,VQ9,VR9,VS9,VT9,VU9,VV9,VW9,VX9,VY9,VZ9,WA9,WB9,WC9,WD9,WE9,WF9,WG9,WH9,WI9,WJ9,WK9,WL9,WM9,WN9,WO9,WP9,WQ9,WR9,WS9,WT9,WU9,WV9,WW9,WX9,WY9,WZ9,XA9,XB9,XC9,XD9,XE9,XF9,XG9,XH9,XI9,XJ9,XK9,XL9,XM9,XN9,XO9,XP9,XQ9,XR9,XS9,XT9,XU9,XV9,XW9,XX9,XY9,XZ9,YA9,YB9,YC9,YD9,YE9,YF9,YG9,YH9,YI9,YJ9,YK9,YL9,YM9,YN9,YO9,YP9,YQ9,YR9,YS9,YT9,YU9,YV9,YW9,YX9,YY9,YZ9,ZA9,ZB9,ZC9,ZD9,ZE9,ZF9,ZG9,ZH9,ZI9,ZJ9,ZK9,ZL9,ZM9,ZN9,ZO9,ZP9,ZQ9,ZR9,ZS9,ZT9,ZU9,ZV9,ZW9,ZX9,ZY9,ALL9,
A10,B10,C10,D10,E10,F10,G10,H10,I10,J10,K10,L10,M10,N10,O10,P10,Q10,R10,S10,T10,U10,V10,W10,X10,Y10,Z10,AA10,AB10,AC10,AD10,AE10,AF10,AG10,AH10,AI10,AJ10,AK10,AL10,AM10,AN10,AO10,AP10,AQ10,AR10,AS10,AT10,AU10,AV10,AW10,AX10,AY10,AZ10,BA10,BB10,BC10,BD10,BE10,BF10,BG10,BH10,BI10,BJ10,BK10,BL10,BM10,BN10,BO10,BP10,BQ10,BR10,BS10,BT10,BU10,BV10,BW10,BX10,BY10,BZ10,CA10,CB10,CC10,CD10,CE10,CF10,CG10,CH10,CI10,CJ10,CK10,CL10,CM10,CN10,CO10,CP10,CQ10,CR10,CS10,CT10,CU10,CV10,CW10,CX10,CY10,CZ10,DA10,DB10,DC10,DD10,DE10,DF10,DG10,DH10,DI10,DJ10,DK10,DL10,DM10,DN10,DO10,DP10,DQ10,DR10,DS10,DT10,DU10,DV10,DW10,DX10,DY10,DZ10,EA10,EB10,EC10,ED10,EE10,EF10,EG10,EH10,EI10,EJ10,EK10,EL10,EM10,EN10,EO10,EP10,EQ10,ER10,ES10,ET10,EU10,EV10,EW10,EX10,EY10,EZ10,FA10,FB10,FC10,FD10,FE10,FF10,FG10,FH10,FI10,FJ10,FK10,FL10,FM10,FN10,FO10,FP10,FQ10,FR10,FS10,FT10,FU10,FV10,FW10,FX10,FY10,FZ10,GA10,GB10,GC10,GD10,GE10,GF10,GG10,GH10,GI10,GJ10,GK10,GL10,GM10,GN10,GO10,GP10,GQ10,GR10,GS10,GT10,GU10,GV10,GW10,GX10,GY10,GZ10,HA10,HB10,HC10,HD10,HE10,HF10,HG10,HH10,HI10,HJ10,HK10,HL10,HM10,HN10,HO10,HP10,HQ10,HR10,HS10,HT10,HU10,HV10,HW10,HX10,HY10,HZ10,IA10,IB10,IC10,ID10,IE10,IF10,IG10,IH10,II10,IJ10,IK10,IL10,IM10,IN10,IO10,IP10,IQ10,IR10,IS10,IT10,IU10,IV10,IW10,IX10,IY10,IZ10,JA10,JB10,JC10,JD10,JE10,JF10,JG10,JH10,JI10,JJ10,JK10,JL10,JM10,JN10,JO10,JP10,JQ10,JR10,JS10,JT10,JU10,JV10,JW10,JX10,JY10,JZ10,KA10,KB10,KC10,KD10,KE10,KF10,KG10,KH10,KI10,KJ10,KK10,KL10,KM10,KN10,KO10,KP10,KQ10,KR10,KS10,KT10,KU10,KV10,KW10,KX10,KY10,KZ10,LA10,LB10,LC10,LD10,LE10,LF10,LG10,LH10,LI10,LJ10,LK10,LL10,LM10,LN10,LO10,LP10,LQ10,LR10,LS10,LT10,LU10,LV10,LW10,LX10,LY10,LZ10,MA10,MB10,MC10,MD10,ME10,MF10,MG10,MH10,MI10,MJ10,MK10,ML10,MM10,MN10,MO10,MP10,MQ10,MR10,MS10,MT10,MU10,MV10,MW10,MX10,MY10,MZ10,NA10,NB10,NC10,ND10,NE10,NF10,NG10,NH10,NI10,NJ10,NK10,NL10,NM10,NN10,NO10,NP10,NQ10,NR10,NS10,NT10,NU10,NV10,NW10,NX10,NY10,NZ10,OA10,OB10,OC10,OD10,OE10,OF10,OG10,OH10,OI10,OJ10,OK10,OL10,OM10,ON10,OO10,OP10,OQ10,OR10,OS10,OT10,OU10,OV10,OW10,OX10,OY10,OZ10,PA10,PB10,PC10,PD10,PE10,PF10,PG10,PH10,PI10,PJ10,PK10,PL10,PM10,PN10,PO10,PP10,PQ10,PR10,PS10,PT10,PU10,PV10,PW10,PX10,PY10,PZ10,QA10,QB10,QC10,QD10,QE10,QF10,QG10,QH10,QI10,QJ10,QK10,QL10,QM10,QN10,QO10,QP10,QQ10,QR10,QS10,QT10,QU10,QV10,QW10,QX10,QY10,QZ10,RA10,RB10,RC10,RD10,RE10,RF10,RG10,RH10,RI10,RJ10,RK10,RL10,RM10,RN10,RO10,RP10,RQ10,RR10,RS10,RT10,RU10,RV10,RW10,RX10,RY10,RZ10,SA10,SB10,SC10,SD10,SE10,SF10,SG10,SH10,SI10,SJ10,SK10,SL10,SM10,SN10,SO10,SP10,SQ10,SR10,SS10,ST10,SU10,SV10,SW10,SX10,SY10,SZ10,TA10,TB10,TC10,TD10,TE10,TF10,TG10,TH10,TI10,TJ10,TK10,TL10,TM10,TN10,TO10,TP10,TQ10,TR10,TS10,TT10,TU10,TV10,TW10,TX10,TY10,TZ10,UA10,UB10,UC10,UD10,UE10,UF10,UG10,UH10,UI10,UJ10,UK10,UL10,UM10,UN10,UO10,UP10,UQ10,UR10,US10,UT10,UU10,UV10,UW10,UX10,UY10,UZ10,VA10,VB10,VC10,VD10,VE10,VF10,VG10,VH10,VI10,VJ10,VK10,VL10,VM10,VN10,VO10,VP10,VQ10,VR10,VS10,VT10,VU10,VV10,VW10,VX10,VY10,VZ10,WA10,WB10,WC10,WD10,WE10,WF10,WG10,WH10,WI10,WJ10,WK10,WL10,WM10,WN10,WO10,WP10,WQ10,WR10,WS10,WT10,WU10,WV10,WW10,WX10,WY10,WZ10,XA10,XB10,XC10,XD10,XE10,XF10,XG10,XH10,XI10,XJ10,XK10,XL10,XM10,XN10,XO10,XP10,XQ10,XR10,XS10,XT10,XU10,XV10,XW10,XX10,XY10,XZ10,YA10,YB10,YC10,YD10,YE10,YF10,YG10,YH10,YI10,YJ10,YK10,YL10,YM10,YN10,YO10,YP10,YQ10,YR10,YS10,YT10,YU10,YV10,YW10,YX10,YY10,YZ10,ZA10,ZB10,ZC10,ZD10,ZE10,ZF10,ZG10,ZH10,ZI10,ZJ10,ZK10,ZL10,ZM10,ZN10,ZO10,ZP10,ZQ10,ZR10,ZS10,ZT10,ZU10,ZV10,ZW10,ZX10,ZY10,ALL10,
